-- Каталог марки
insert into brands (name) values
 ('Солти'),('Огнехром'),('Дрипалдер'),('Ятрус'),('Торнадо'),
 ('Sparky'),('Gloria'),('Bavaria'),('Total'),('Ceasefire'),
 ('Minimax'),('Tyco'),('Sicli'),('Chubb'),('FirePro'),('Ansul'),('Kidde')
on conflict (name) do nothing;

-- Клиенти
insert into clients (id, name, address, phone, eik) values
 ('11111111-1111-1111-1111-111111111111','ЕТ Демо Клиент','гр. Нова Загора, ул. Демо 1','0888000111','111111111'),
 ('0a000000-0000-0000-0000-000000000001','ЕТ Орлов','ул. Капитан Райчо 12, Русе','0888112233','201112233'),
 ('0a000000-0000-0000-0000-000000000002','Хотел Ризорт ЕООД','к.к. Слънчев бряг, Бургас','0888445566','202445566'),
 ('0a000000-0000-0000-0000-000000000003','Бензиностанция Шел ООД','бул. Цариградско шосе 90, София','0888778899','203778899')
on conflict (id) do nothing;

-- Обекти
insert into sites (id, client_id, name, address) values
 ('22222222-2222-2222-2222-222222222222','11111111-1111-1111-1111-111111111111','Склад №1','гр. Нова Загора, ул. Демо 1'),
 ('05000000-0000-0000-0000-000000000001','0a000000-0000-0000-0000-000000000001','Складове Дунав','ул. Капитан Райчо 12, Русе'),
 ('05000000-0000-0000-0000-000000000002','0a000000-0000-0000-0000-000000000002','Хотел Ризорт Бургас','к.к. Слънчев бряг'),
 ('05000000-0000-0000-0000-000000000003','0a000000-0000-0000-0000-000000000003','Бензиностанция Шел София','бул. Цариградско шосе 90')
on conflict (id) do nothing;

-- Пожарогасители
insert into extinguishers (id, site_id, type, model, serial_number, manufacture_year, category, mass_kg, stamp_year) values
 ('33333333-3333-3333-3333-333333333333','22222222-2222-2222-2222-222222222222','powder_abc','Прахов 1 кг','5487',2019,'К2',1.600,2034),
 ('33333333-3333-3333-3333-333333333334','22222222-2222-2222-2222-222222222222','co2','CO2 5 кг','7781',2015,'К1',5.000,2025),
 ('33333333-3333-3333-3333-333333333335','22222222-2222-2222-2222-222222222222','powder_abc','Прахов 6 кг','8123',2022,'К3',6.000,2037),
 ('33333333-3333-3333-3333-333333333336','22222222-2222-2222-2222-222222222222','co2','CO2 2 кг','9011',2024,'К1',2.000,2039),
 ('0e000000-0000-0000-0000-000000000001','05000000-0000-0000-0000-000000000001','powder_abc','Спарк 6 кг','0036',2022,'К3',6.000,2037),
 ('0e000000-0000-0000-0000-000000000002','05000000-0000-0000-0000-000000000001','powder_abc','Полуш 6 кг','P-441',2019,'К3',6.000,2034),
 ('0e000000-0000-0000-0000-000000000003','05000000-0000-0000-0000-000000000001','co2','Огнеборец 5 кг','OG-512',2016,'К1',5.000,2031),
 ('0e000000-0000-0000-0000-000000000004','05000000-0000-0000-0000-000000000001','powder_abc','Спарк 1 кг','0099',2024,'К2',1.000,2039),
 ('0e000000-0000-0000-0000-000000000005','05000000-0000-0000-0000-000000000001','powder_abc','Спарк 12 кг','0028',2023,'К4',12.000,2024),
 ('0e000000-0000-0000-0000-000000000006','05000000-0000-0000-0000-000000000002','powder_abc','Полуш 6 кг','P-700',2021,'К3',6.000,2036),
 ('0e000000-0000-0000-0000-000000000007','05000000-0000-0000-0000-000000000002','water','Спарк 9 л','W-210',2018,'К1',9.000,2033),
 ('0e000000-0000-0000-0000-000000000008','05000000-0000-0000-0000-000000000002','foam','Огнеборец 9 л','F-118',2024,'К2',9.000,2039),
 ('0e000000-0000-0000-0000-000000000009','05000000-0000-0000-0000-000000000002','co2','Спарк 2 кг','0451',2020,'К1',2.000,2035),
 ('0e000000-0000-0000-0000-000000000010','05000000-0000-0000-0000-000000000003','powder_abc','Полуш 6 кг','P-880',2015,'К3',6.000,2030),
 ('0e000000-0000-0000-0000-000000000011','05000000-0000-0000-0000-000000000003','powder_abc','Спарк 50 кг','K-050',2023,'К5',50.000,2038),
 ('0e000000-0000-0000-0000-000000000012','05000000-0000-0000-0000-000000000003','co2','Огнеборец 5 кг','OG-777',2022,'К1',5.000,2023)
on conflict (id) do nothing;

-- История на обслужванията (для статусите в дашборда)
insert into service_events (extinguisher_id, kind, service_date, technician_name) values
 ('33333333-3333-3333-3333-333333333333','TO','2025-05-27','Х. Христов'),
 ('33333333-3333-3333-3333-333333333333','powder_change','2025-05-27','Х. Христов'),
 ('33333333-3333-3333-3333-333333333336','TO','2025-06-01','Х. Христов'),
 ('0e000000-0000-0000-0000-000000000001','TO','2025-12-01','П. Петров'),
 ('0e000000-0000-0000-0000-000000000001','powder_change','2025-12-01','П. Петров'),
 ('0e000000-0000-0000-0000-000000000002','TO','2024-05-18','П. Петров'),
 ('0e000000-0000-0000-0000-000000000004','TO','2025-06-10','И. Иванов'),
 ('0e000000-0000-0000-0000-000000000004','powder_change','2025-06-10','И. Иванов'),
 ('0e000000-0000-0000-0000-000000000006','TO','2025-12-15','И. Иванов'),
 ('0e000000-0000-0000-0000-000000000006','powder_change','2025-12-15','И. Иванов'),
 ('0e000000-0000-0000-0000-000000000008','TO','2025-06-20','Г. Георгиев'),
 ('0e000000-0000-0000-0000-000000000008','foam_change','2025-06-20','Г. Георгиев'),
 ('0e000000-0000-0000-0000-000000000009','TO','2025-12-01','Г. Георгиев'),
 ('0e000000-0000-0000-0000-000000000011','TO','2025-12-01','П. Петров'),
 ('0e000000-0000-0000-0000-000000000011','powder_change','2025-12-01','П. Петров'),
 ('0e000000-0000-0000-0000-000000000010','TO','2025-08-01','П. Петров'),
 ('0e000000-0000-0000-0000-000000000010','powder_change','2025-08-01','П. Петров'),
 ('0e000000-0000-0000-0000-000000000003','TO','2025-09-01','Г. Георгиев'),
 ('0e000000-0000-0000-0000-000000000007','TO','2024-12-01','И. Иванов');

-- Каталог гасителни вещества
insert into agents (kind, trade_name) values
 ('powder','Кобра ABC 50'),
 ('powder','Верея ABC 40'),
 ('foam','Щамекс FF'),
 ('water','Вода'),
 ('co2','CO2')
on conflict (kind, trade_name) do nothing;
